{
    "info": "\u5e02\u5fc3\u4e2d\u8def_\u91d1\u60e0\u8def_\u4e1c_1", 
    "cname": "\u5e02\u5fc3\u8def-\u91d1\u60e0\u8def\u4e1c\u5411\u897f1", 
    "frameRate": 12, 
    "cid": "33010900001320000001", 
    "views": [
        {
            "meta": [
                {
                    "did": 0, 
                    "tid": 1, 
                    "region": [
                        [
                            0.0275, 
                            0.9916666666666667
                        ], 
                        [
                            0.38875, 
                            0.9966666666666667
                        ], 
                        [
                            0.5925, 
                            0.44
                        ], 
                        [
                            0.42625, 
                            0.44
                        ]
                    ], 
                    "number": 1
                }, 
                {
                    "did": 0, 
                    "tid": 2, 
                    "region": [
                        [
                            0.3925, 
                            0.9966666666666667
                        ], 
                        [
                            0.7375, 
                            0.9966666666666667
                        ], 
                        [
                            0.75, 
                            0.4266666666666667
                        ], 
                        [
                            0.60125, 
                            0.42833333333333334
                        ]
                    ], 
                    "number": 2
                }
            ], 
            "image_url": "./images/33010900001320000001/33010900001320000001.jpg", 
            "traffic_lights": [
                {
                    "tid": 1, 
                    "region": [
                        0.680014545917511, 
                        0.036686061223347985, 
                        0.7031395459175109, 
                        0.04668606122334798
                    ], 
                    "type": 0
                }, 
                {
                    "tid": 2, 
                    "region": [
                        0.715639545917511, 
                        0.03335272789001465, 
                        0.738139545917511, 
                        0.044186061223347985
                    ], 
                    "type": 0
                }, 
                {
                    "tid": 3, 
                    "region": [
                        0.749389545917511, 
                        0.03085272789001465, 
                        0.7706395459175109, 
                        0.043352727890014646
                    ], 
                    "type": 0
                }
            ], 
            "view_type": 1
        }
    ]
}